Region,Revenue
West,573232.62913
East,542248.66033
Central,393956.23014400003
South,311890.89179
