Segment,Revenue
Consumer,926567.502595
Corporate,552535.537584
Home Office,342225.371215
